[
  {
    "name": "Tesla",
    "phonemes": "tee-eh-ss-ell-ah",
    "country": "USA",
    "description": "Tesla is an American electric vehicle and clean energy company.",
    "founded": "2003",
    "pronunciation": "TESS-lah"
  },
  {
    "name": "BMW",
    "phonemes": "bee-em-double-u",
    "country": "Germany",
    "description": "BMW is a German multinational company which produces luxury vehicles and motorcycles.",
    "founded": "1916",
    "pronunciation": "BEE-em-DOUBLE-yoo"
  },
  {
    "name": "Toyota",
    "phonemes": "toh-yoh-tah",
    "country": "Japan",
    "description": "Toyota is a Japanese multinational automotive manufacturer.",
    "founded": "1937",
    "pronunciation": "toy-YO-tah"
  },
  {
    "name": "Ford",
    "phonemes": "f-aw-r-d",
    "country": "USA",
    "description": "Ford Motor Company is an American multinational automaker.",
    "founded": "1903",
    "pronunciation": "FORD"
  },
  {
    "name": "Honda",
    "phonemes": "h-on-dah",
    "country": "Japan",
    "description": "Honda is a Japanese public multinational conglomerate manufacturer of automobiles.",
    "founded": "1946",
    "pronunciation": "HON-dah"
  },
  {
    "name": "Mercedes-Benz",
    "phonemes": "mur-say-deez benz",
    "country": "Germany",
    "description": "Mercedes-Benz is a German global automobile marque and a division of Daimler AG.",
    "founded": "1926",
    "pronunciation": "mer-SAY-deez BENTS"
  },
  {
    "name": "Audi",
    "phonemes": "ow-dee",
    "country": "Germany",
    "description": "Audi is a German automotive manufacturer of luxury vehicles.",
    "founded": "1909",
    "pronunciation": "OW-dee"
  },
  {
    "name": "Hyundai",
    "phonemes": "h-yun-day",
    "country": "South Korea",
    "description": "Hyundai is a South Korean multinational automotive manufacturer.",
    "founded": "1967",
    "pronunciation": "HUN-day"
  },
  {
    "name": "Kia",
    "phonemes": "kee-ah",
    "country": "South Korea",
    "description": "Kia Corporation is a South Korean multinational automotive manufacturer.",
    "founded": "1944",
    "pronunciation": "KEE-ah"
  },
  {
    "name": "Nissan",
    "phonemes": "nee-san",
    "country": "Japan",
    "description": "Nissan is a Japanese multinational automobile manufacturer.",
    "founded": "1933",
    "pronunciation": "NEE-san"
  },
  {
    "name": "Volkswagen",
    "phonemes": "folks-vah-gun",
    "country": "Germany",
    "description": "Volkswagen is a German motor vehicle manufacturer.",
    "founded": "1937",
    "pronunciation": "FOLKS-vah-gun"
  },
  {
    "name": "Chevrolet",
    "phonemes": "shev-ro-lay",
    "country": "USA",
    "description": "Chevrolet is an American automobile division of General Motors.",
    "founded": "1911",
    "pronunciation": "SHEV-ro-LAY"
  },
  {
    "name": "Porsche",
    "phonemes": "por-shuh",
    "country": "Germany",
    "description": "Porsche is a German automobile manufacturer specializing in high-performance sports cars.",
    "founded": "1931",
    "pronunciation": "POR-shuh"
  },
  {
    "name": "Ferrari",
    "phonemes": "feh-rah-ree",
    "country": "Italy",
    "description": "Ferrari is an Italian luxury sports car manufacturer.",
    "founded": "1939",
    "pronunciation": "feh-RAH-ree"
  },
  {
    "name": "Lamborghini",
    "phonemes": "lam-bor-ghee-nee",
    "country": "Italy",
    "description": "Lamborghini is an Italian brand and manufacturer of luxury sports cars and SUVs.",
    "founded": "1963",
    "pronunciation": "lam-bor-GEE-nee"
  },
  {
    "name": "Subaru",
    "phonemes": "soo-bah-roo",
    "country": "Japan",
    "description": "Subaru is the automobile manufacturing division of Japanese transportation conglomerate.",
    "founded": "1953",
    "pronunciation": "soo-BAH-roo"
  },
  {
    "name": "Mazda",
    "phonemes": "mahz-dah",
    "country": "Japan",
    "description": "Mazda is a Japanese multinational automaker.",
    "founded": "1920",
    "pronunciation": "MAHZ-dah"
  },
  {
    "name": "Volvo",
    "phonemes": "vol-voh",
    "country": "Sweden",
    "description": "Volvo is a Swedish multinational manufacturing company.",
    "founded": "1927",
    "pronunciation": "VOL-voh"
  },
  {
    "name": "Jaguar",
    "phonemes": "jag-yoo-ahr",
    "country": "UK",
    "description": "Jaguar is the luxury vehicle brand of Jaguar Land Rover.",
    "founded": "1935",
    "pronunciation": "JAG-you-ar"
  },
  {
    "name": "Peugeot",
    "phonemes": "puh-zhoh",
    "country": "France",
    "description": "Peugeot is a French automotive manufacturer.",
    "founded": "1810",
    "pronunciation": "puh-ZHOH"
  }
]